{
  "items": [
    {
      "joint": "None",
      "pose": {
        "position": {
          "x": -0.055795830441638827,
          "y": -0.050494263647124171,
          "z": -0.31160801439546049
        },
        "rotation": {
          "x": 0,
          "y": 0,
          "z": 0,
          "w": 0
        }
      }
    },
    {
      "joint": "Wrist",
      "pose": {
        "position": {
          "x": 0.094970445381477475,
          "y": -0.071920572547242045,
          "z": -0.043240679195150733
        },
        "rotation": {
          "x": -0.57126933336257935,
          "y": -0.40886738896369934,
          "z": -0.11714609712362289,
          "w": 0.70179426670074463
        }
      }
    },
    {
      "joint": "Palm",
      "pose": {
        "position": {
          "x": 0.078446935163810849,
          "y": -0.025236195651814342,
          "z": -0.038608604809269309
        },
        "rotation": {
          "x": -0.57126933336257935,
          "y": -0.40886738896369934,
          "z": -0.11714609712362289,
          "w": 0.70179426670074463
        }
      }
    },
    {
      "joint": "ThumbMetacarpalJoint",
      "pose": {
        "position": {
          "x": 0.0704388425219804,
          "y": -0.063463031081482768,
          "z": -0.0446559542324394
        },
        "rotation": {
          "x": 0.59957319498062134,
          "y": 0.056990712881088257,
          "z": -0.661469042301178,
          "w": -0.44784826040267944
        }
      }
    },
    {
      "joint": "ThumbProximalJoint",
      "pose": {
        "position": {
          "x": 0.030931103276088834,
          "y": -0.041895947186276317,
          "z": -0.03173214360140264
        },
        "rotation": {
          "x": 0.48144450783729553,
          "y": -0.077987000346183777,
          "z": -0.66726517677307129,
          "w": -0.56365346908569336
        }
      }
    },
    {
      "joint": "ThumbDistalJoint",
      "pose": {
        "position": {
          "x": 0.011377685004845262,
          "y": -0.0191096484195441,
          "z": -0.013179950183257461
        },
        "rotation": {
          "x": 0.48974254727363586,
          "y": -0.04340343177318573,
          "z": -0.678149402141571,
          "w": -0.54698729515075684
        }
      }
    },
    {
      "joint": "ThumbTip",
      "pose": {
        "position": {
          "x": -0.00054007698781788349,
          "y": -0.0076306506525725126,
          "z": -0.0031634948682039976
        },
        "rotation": {
          "x": 0.48974254727363586,
          "y": -0.04340343177318573,
          "z": -0.678149402141571,
          "w": -0.54698729515075684
        }
      }
    },
    {
      "joint": "IndexMetacarpal",
      "pose": {
        "position": {
          "x": 0.079071666346862912,
          "y": -0.057821920840069652,
          "z": -0.042442125966772437
        },
        "rotation": {
          "x": -0.54839807748794556,
          "y": -0.5408281683921814,
          "z": -0.10956580191850662,
          "w": 0.6282992959022522
        }
      }
    },
    {
      "joint": "IndexKnuckle",
      "pose": {
        "position": {
          "x": 0.042313426034525037,
          "y": -0.0047555731143802404,
          "z": -0.054694456746801734
        },
        "rotation": {
          "x": 0.33803752064704895,
          "y": 0.34615525603294373,
          "z": -0.075356766581535339,
          "w": -0.87192034721374512
        }
      }
    },
    {
      "joint": "IndexMiddleJoint",
      "pose": {
        "position": {
          "x": 0.015641395235434175,
          "y": 0.0171373023185879,
          "z": -0.033025106182321906
        },
        "rotation": {
          "x": 0.011520777828991413,
          "y": 0.23532292246818543,
          "z": -0.26723867654800415,
          "w": -0.93442928791046143
        }
      }
    },
    {
      "joint": "IndexDistalJoint",
      "pose": {
        "position": {
          "x": 0.0043656446505337954,
          "y": 0.014503426151350141,
          "z": -0.01055326103232801
        },
        "rotation": {
          "x": -0.18848013877868652,
          "y": 0.1752738356590271,
          "z": -0.23216751217842102,
          "w": -0.938201367855072
        }
      }
    },
    {
      "joint": "IndexTip",
      "pose": {
        "position": {
          "x": -0.0011067038867622614,
          "y": 0.0017288230592384935,
          "z": -0.0008905145805329084
        },
        "rotation": {
          "x": -0.4986042380332947,
          "y": -0.10437075048685074,
          "z": 0.07316453754901886,
          "w": 0.8577484488487244
        }
      }
    },
    {
      "joint": "MiddleMetacarpal",
      "pose": {
        "position": {
          "x": 0.085573996650055051,
          "y": -0.055481004295870662,
          "z": -0.039088224759325385
        },
        "rotation": {
          "x": -0.64046329259872437,
          "y": -0.373137503862381,
          "z": -0.082113638520240784,
          "w": 0.66620767116546631
        }
      }
    },
    {
      "joint": "MiddleKnuckle",
      "pose": {
        "position": {
          "x": 0.061702992068603635,
          "y": 0.00021764193661510944,
          "z": -0.04510785429738462
        },
        "rotation": {
          "x": 0.1714177131652832,
          "y": 0.3295632004737854,
          "z": -0.056909773498773575,
          "w": -0.92670679092407227
        }
      }
    },
    {
      "joint": "MiddleMiddleJoint",
      "pose": {
        "position": {
          "x": 0.033647007541731,
          "y": 0.01268923026509583,
          "z": -0.012882571434602141
        },
        "rotation": {
          "x": -0.52955335378646851,
          "y": 0.20503298938274384,
          "z": -0.28541553020477295,
          "w": -0.77215194702148438
        }
      }
    },
    {
      "joint": "MiddleDistalJoint",
      "pose": {
        "position": {
          "x": 0.033218997763469815,
          "y": -0.014666470466181636,
          "z": -0.00248397677205503
        },
        "rotation": {
          "x": -0.80611693859100342,
          "y": 0.037188127636909485,
          "z": -0.25478187203407288,
          "w": -0.5337793231010437
        }
      }
    },
    {
      "joint": "MiddleTip",
      "pose": {
        "position": {
          "x": 0.039724528091028333,
          "y": -0.030166196404024959,
          "z": -0.0077722163405269384
        },
        "rotation": {
          "x": -0.80611693859100342,
          "y": 0.037188127636909485,
          "z": -0.25478187203407288,
          "w": -0.5337793231010437
        }
      }
    },
    {
      "joint": "RingMetacarpal",
      "pose": {
        "position": {
          "x": 0.094046983169391751,
          "y": -0.05198403331451118,
          "z": -0.034078513970598578
        },
        "rotation": {
          "x": -0.63099503517150879,
          "y": -0.25767973065376282,
          "z": -0.040025528520345688,
          "w": 0.73064666986465454
        }
      }
    },
    {
      "joint": "RingKnuckle",
      "pose": {
        "position": {
          "x": 0.076233054744079709,
          "y": -0.00047668232582509518,
          "z": -0.030205076327547431
        },
        "rotation": {
          "x": 0.061521425843238831,
          "y": 0.32744783163070679,
          "z": -0.026347285136580467,
          "w": -0.94250476360321045
        }
      }
    },
    {
      "joint": "RingMiddleJoint",
      "pose": {
        "position": {
          "x": 0.051643508719280362,
          "y": 0.003435472259297967,
          "z": 0.00062574469484388828
        },
        "rotation": {
          "x": -0.7006344199180603,
          "y": 0.22492779791355133,
          "z": -0.23193849623203278,
          "w": -0.63627457618713379
        }
      }
    },
    {
      "joint": "RingDistalJoint",
      "pose": {
        "position": {
          "x": 0.0525671869982034,
          "y": -0.0204183969181031,
          "z": -0.0013549791183322668
        },
        "rotation": {
          "x": -0.88947725296020508,
          "y": 0.068172931671142578,
          "z": -0.23703967034816742,
          "w": -0.38538727164268494
        }
      }
    },
    {
      "joint": "RingTip",
      "pose": {
        "position": {
          "x": 0.0596969083417207,
          "y": -0.034293188480660319,
          "z": -0.0127856710460037
        },
        "rotation": {
          "x": -0.88947725296020508,
          "y": 0.068172931671142578,
          "z": -0.23703967034816742,
          "w": -0.38538727164268494
        }
      }
    },
    {
      "joint": "PinkyMetacarpal",
      "pose": {
        "position": {
          "x": 0.10081055318005383,
          "y": -0.050989105133339763,
          "z": -0.027507969876751304
        },
        "rotation": {
          "x": -0.58761417865753174,
          "y": -0.13647006452083588,
          "z": 0.010980717837810516,
          "w": 0.79747408628463745
        }
      }
    },
    {
      "joint": "PinkyKnuckle",
      "pose": {
        "position": {
          "x": 0.088435876416042447,
          "y": -0.00084916572086513042,
          "z": -0.01290042488835752
        },
        "rotation": {
          "x": -0.015533886849880219,
          "y": 0.36132562160491943,
          "z": 0.044756371527910233,
          "w": -0.9312441349029541
        }
      }
    },
    {
      "joint": "PinkyMiddleJoint",
      "pose": {
        "position": {
          "x": 0.071086059557273984,
          "y": -0.000761339208111167,
          "z": 0.0060971176717430353
        },
        "rotation": {
          "x": -0.6863744854927063,
          "y": 0.30161058902740479,
          "z": -0.18428879976272583,
          "w": -0.63567912578582764
        }
      }
    },
    {
      "joint": "PinkyDistalJoint",
      "pose": {
        "position": {
          "x": 0.068500611232593656,
          "y": -0.02024311083368957,
          "z": 0.0036448633763939142
        },
        "rotation": {
          "x": -0.93071597814559937,
          "y": 0.13045383989810944,
          "z": -0.11257931590080261,
          "w": -0.32351988554000854
        }
      }
    },
    {
      "joint": "PinkyTip",
      "pose": {
        "position": {
          "x": 0.070451776729896665,
          "y": -0.030086855171248317,
          "z": -0.00828781514428556
        },
        "rotation": {
          "x": -0.93071597814559937,
          "y": 0.13045383989810944,
          "z": -0.11257931590080261,
          "w": -0.32351988554000854
        }
      }
    }
  ]
}